Episode,Performance,Distractor,Correct
0,0.5,White,V1O2
1,1.0,White,V1O2
2,0.0,White,V1O2
3,1.0,White,V1O2
4,0.010657193605683837,White,V1O2
5,0.9277777777777778,White,V1O2
6,1.0,White,V1O2
7,1.0,White,V1O2
8,0.0,White,V1O2
9,0.0,White,V1O2
10,0.0,White,V1O2
11,0.0,White,V1O2
12,0.5,White,V1O2
13,1.0,White,V1O2
14,0.0,White,V1O2
15,1.0,White,V1O2
16,1.0,White,V1O2
17,0.0,White,V1O2
18,1.0,White,V1O2
19,1.0,White,V1O2
20,0.0,White,V1O2
21,1.0,White,V1O2
22,0.0,White,V1O2
23,0.0,White,V1O2
24,0.0,White,V1O2
25,0.21114369501466276,White,V1O2
26,0.978021978021978,White,V1O2
27,0.0,White,V1O2
28,0.6666666666666666,White,V1O2
29,1.0,White,V1O2
30,0.0,White,V1O2
31,1.0,White,V1O2
32,0.27123695976154993,White,V1O2
33,0.3952912019826518,White,V1O2
34,0.6605504587155964,White,V1O2
35,0.7050805452292441,White,V1O2
36,1.0,White,V1O2
37,1.0,White,V1O2
38,0.6120218579234973,White,V1O2
39,0.8485221674876847,White,V1O2
40,0.6765188834154351,White,V1O2
41,0.7642585551330798,White,V1O2
42,0.7927272727272727,White,V1O2
43,0.6952247191011236,White,V1O2
44,1.0,White,V1O2
45,0.6270753512132823,White,V1O2
46,0.0,White,V1O2
47,1.0,White,V1O2
48,0.39215686274509803,White,V1O2
49,0.0,White,V1O2
50,0.33284457478005863,White,V1O2
51,1.0,White,V1O2
52,0.40441176470588236,White,V1O2
53,0.5714285714285714,White,V1O2
54,0.0,White,V1O2
55,1.0,White,V1O2
56,0.4898336414048059,White,V1O2
57,0.9395973154362416,White,V1O2
58,1.0,White,V1O2
59,0.33069828722002637,White,V1O2
60,0.0,White,V1O2
61,0.012195121951219513,White,V1O2
62,0.0,White,V1O2
63,1.0,White,V1O2
64,1.0,White,V1O2
65,1.0,White,V1O2
66,1.0,White,V1O2
67,0.0,White,V1O2
68,0.0,White,V1O2
69,0.0,White,V1O2
70,0.0,White,V1O2
71,1.0,White,V1O2
72,1.0,White,V1O2
73,0.0,White,V1O2
74,1.0,White,V1O2
75,0.055288461538461536,White,V1O2
76,1.0,White,V1O2
77,0.5,White,V1O2
78,0.0,White,V1O2
79,1.0,White,V1O2
80,1.0,White,V1O2
81,1.0,White,V1O2
82,0.9578454332552693,White,V1O2
83,0.41324921135646686,White,V1O2
84,1.0,White,V1O2
85,1.0,White,V1O2
86,1.0,White,V1O2
87,0.0,White,V1O2
88,1.0,White,V1O2
89,1.0,White,V1O2
90,1.0,White,V1O2
91,1.0,White,V1O2
92,1.0,White,V1O2
93,1.0,White,V1O2
94,0.0,White,V1O2
95,0.0,White,V1O2
96,1.0,White,V1O2
97,0.0,White,V1O2
98,1.0,White,V1O2
99,0.0,White,V1O2
100,1.0,White,V1O2
101,1.0,White,V1O2
102,1.0,White,V1O2
103,0.0,White,V1O2
104,1.0,White,V1O2
105,1.0,White,V1O2
106,0.28073394495412846,White,V1O2
107,1.0,White,V1O2
108,0.0,White,V1O2
109,0.5,White,V1O2
110,1.0,White,V1O2
111,1.0,White,V1O2
112,1.0,White,V1O2
113,0.0,White,V1O2
114,1.0,White,V1O2
115,0.0,White,V1O2
116,0.4467741935483871,White,V1O2
117,0.7838427947598253,White,V1O2
118,1.0,White,V1O2
119,1.0,White,V1O2
120,0.0,White,V1O2
121,0.38865546218487396,White,V1O2
122,0.0,White,V1O2
123,1.0,White,V1O2
124,0.8391608391608392,White,V1O2
125,1.0,White,V1O2
126,0.0,White,V1O2
127,1.0,White,V1O2
128,0.7064439140811456,White,V1O2
129,0.15667311411992263,White,V1O2
130,0.975,White,V1O2
131,0.9365721997300944,White,V1O2
132,0.0,White,V1O2
133,1.0,White,V1O2
134,0.07167832167832168,White,V1O2
135,0.8614379084967321,White,V1O2
136,0.18719211822660098,White,V1O2
137,0.41385767790262173,White,V1O2
138,0.0,White,V1O2
139,0.0,White,V1O2
140,0.7070524412296564,White,V1O2
141,0.0,White,V1O2
142,0.5264900662251656,White,V1O2
143,0.308411214953271,White,V1O2
144,0.5920679886685553,White,V1O2
145,0.23529411764705882,White,V1O2
146,0.18264014466546113,White,V1O2
147,0.4205748865355522,White,V1O2
148,0.8819776714513556,White,V1O2
149,0.6329113924050633,White,V1O2
150,0.48986486486486486,White,V1O2
151,0.2934472934472934,White,V1O2
152,0.82421875,White,V1O2
153,0.7274011299435028,White,V1O2
154,0.46153846153846156,White,V1O2
155,0.47929936305732485,White,V1O2
156,0.655483870967742,White,V1O2
157,0.4991055456171735,White,V1O2
158,0.5157629255989912,White,V1O2
159,0.6020942408376964,White,V1O2
160,0.49722222222222223,White,V1O2
161,0.3620933521923621,White,V1O2
162,0.4393305439330544,White,V1O2
163,0.5401662049861495,White,V1O2
164,1.0,White,V1O2
165,1.0,White,V1O2
166,0.0,White,V1O2
167,0.5681159420289855,White,V1O2
168,0.6451204055766794,White,V1O2
169,0.8775,White,V1O2
170,1.0,White,V1O2
171,0.31474597273853777,White,V1O2
172,0.12988650693568726,White,V1O2
173,0.7370820668693009,White,V1O2
174,1.0,White,V1O2
175,0.9758812615955473,White,V1O2
176,0.9932432432432432,White,V1O2
177,0.6636125654450262,White,V1O2
178,0.9027777777777778,White,V1O2
179,0.3181169757489301,White,V1O2
180,0.4906832298136646,White,V1O2
181,0.45410628019323673,White,V1O2
182,0.8475783475783476,White,V1O2
183,1.0,White,V1O2
184,0.8253164556962025,White,V1O2
185,1.0,White,V1O2
186,0.2199630314232902,White,V1O2
187,0.31654676258992803,White,V1O2
188,0.4107142857142857,White,V1O2
189,0.751131221719457,White,V1O2
190,0.1344019728729963,White,V1O2
191,0.05721716514954486,White,V1O2
192,1.0,White,V1O2
193,0.0,White,V1O2
194,1.0,White,V1O2
195,0.8822843822843823,White,V1O2
196,0.0,White,V1O2
197,0.0,White,V1O2
198,1.0,White,V1O2
199,1.0,White,V1O2
200,0.44876325088339225,White,V1O2
201,1.0,White,V1O2
202,0.39878048780487807,White,V1O2
203,0.0,White,V1O2
204,0.4969230769230769,White,V1O2
205,0.15384615384615385,White,V1O2
206,0.9466357308584686,White,V1O2
207,1.0,White,V1O2
208,0.0,White,V1O2
209,0.766497461928934,White,V1O2
210,0.0,White,V1O2
211,1.0,White,V1O2
212,0.8918495297805643,White,V1O2
213,0.9568345323741008,White,V1O2
214,0.8093959731543624,White,V1O2
215,0.0,White,V1O2
216,1.0,White,V1O2
217,1.0,White,V1O2
218,1.0,White,V1O2
219,1.0,White,V1O2
220,1.0,White,V1O2
221,1.0,White,V1O2
222,0.5919395465994962,White,V1O2
223,0.20785804816223066,White,V1O2
224,1.0,White,V1O2
225,0.7348130841121495,White,V1O2
226,0.4416403785488959,White,V1O2
227,0.5407608695652174,White,V1O2
228,0.6064030131826742,White,V1O2
229,0.8331332533013205,White,V1O2
230,1.0,White,V1O2
231,1.0,White,V1O2
232,0.8854447439353099,White,V1O2
233,1.0,White,V1O2
234,1.0,White,V1O2
235,0.8786057692307693,White,V1O2
236,1.0,White,V1O2
237,1.0,White,V1O2
238,1.0,White,V1O2
239,1.0,White,V1O2
240,0.8860164512338425,White,V1O2
241,0.0,White,V1O2
242,0.9694656488549618,White,V1O2
243,1.0,White,V1O2
244,1.0,White,V1O2
245,1.0,White,V1O2
246,1.0,White,V1O2
247,0.9688581314878892,White,V1O2
248,0.941108545034642,White,V1O2
249,1.0,White,V1O2
250,1.0,White,V1O2
251,1.0,White,V1O2
252,1.0,White,V1O2
253,1.0,White,V1O2
254,1.0,White,V1O2
255,1.0,White,V1O2
256,1.0,White,V1O2
257,1.0,White,V1O2
258,0.9314285714285714,White,V1O2
259,0.9311926605504587,White,V1O2
260,0.9908675799086758,White,V1O2
261,0.988558352402746,White,V1O2
262,1.0,White,V1O2
263,1.0,White,V1O2
264,0.9931428571428571,White,V1O2
265,1.0,White,V1O2
266,1.0,White,V1O2
267,1.0,White,V1O2
268,1.0,White,V1O2
269,1.0,White,V1O2
270,1.0,White,V1O2
271,1.0,White,V1O2
272,0.995418098510882,White,V1O2
273,1.0,White,V1O2
274,1.0,White,V1O2
275,0.9954285714285714,White,V1O2
276,1.0,White,V1O2
277,0.9519450800915332,White,V1O2
278,1.0,White,V1O2
279,0.9919908466819222,White,V1O2
280,1.0,White,V1O2
281,0.9670975323149236,White,V1O2
282,0.9884526558891455,White,V1O2
283,1.0,White,V1O2
284,1.0,White,V1O2
285,1.0,White,V1O2
286,1.0,White,V1O2
287,0.9497716894977168,White,V1O2
288,0.9714937286202965,White,V1O2
289,1.0,White,V1O2
290,0.9644495412844036,White,V1O2
291,1.0,White,V1O2
292,1.0,White,V1O2
293,1.0,White,V1O2
294,1.0,White,V1O2
295,1.0,White,V1O2
296,0.9954337899543378,White,V1O2
297,0.9794754846066135,White,V1O2
298,0.9725400457665904,White,V1O2
299,0.9897025171624714,White,V1O2
300,1.0,White,V1O2
301,0.9327251995438997,White,V1O2
302,1.0,White,V1O2
303,1.0,White,V1O2
304,1.0,White,V1O2
305,1.0,White,V1O2
306,0.9531963470319634,White,V1O2
307,0.9609644087256027,White,V1O2
308,0.9965753424657534,White,V1O2
309,0.9850402761795167,White,V1O2
310,1.0,White,V1O2
311,1.0,White,V1O2
312,0.9657142857142857,White,V1O2
313,1.0,White,V1O2
314,0.9794050343249427,White,V1O2
315,0.9885321100917431,White,V1O2
316,1.0,White,V1O2
317,1.0,White,V1O2
318,1.0,White,V1O2
319,1.0,White,V1O2
320,1.0,White,V1O2
321,1.0,White,V1O2
322,1.0,White,V1O2
323,1.0,White,V1O2
324,0.9919816723940436,White,V1O2
325,1.0,White,V1O2
326,1.0,White,V1O2
327,1.0,White,V1O2
328,1.0,White,V1O2
329,0.9896907216494846,White,V1O2
330,0.9873997709049256,White,V1O2
331,1.0,White,V1O2
332,1.0,White,V1O2
333,0.9988518943742825,White,V1O2
334,1.0,White,V1O2
335,1.0,White,V1O2
336,1.0,White,V1O2
337,1.0,White,V1O2
338,1.0,White,V1O2
339,1.0,White,V1O2
340,1.0,White,V1O2
341,1.0,White,V1O2
342,1.0,White,V1O2
343,0.9931584948688712,White,V1O2
344,1.0,White,V1O2
345,1.0,White,V1O2
346,1.0,White,V1O2
347,1.0,White,V1O2
348,1.0,White,V1O2
349,1.0,White,V1O2
350,0.9977142857142857,White,V1O2
351,0.9851428571428571,White,V1O2
352,1.0,White,V1O2
353,1.0,White,V1O2
354,1.0,White,V1O2
355,1.0,White,V1O2
356,1.0,White,V1O2
357,1.0,White,V1O2
358,1.0,White,V1O2
359,1.0,White,V1O2
360,0.9863013698630136,White,V1O2
361,1.0,White,V1O2
362,1.0,White,V1O2
363,0.9862700228832952,White,V1O2
364,1.0,White,V1O2
365,1.0,White,V1O2
366,1.0,White,V1O2
367,1.0,White,V1O2
368,1.0,White,V1O2
369,0.9782608695652174,White,V1O2
370,1.0,White,V1O2
371,0.7988023952095809,White,V1O2
372,1.0,White,V1O2
373,0.9451428571428572,White,V1O2
374,1.0,White,V1O2
375,1.0,White,V1O2
376,0.9863013698630136,White,V1O2
377,1.0,White,V1O2
378,1.0,White,V1O2
379,1.0,White,V1O2
380,1.0,White,V1O2
381,1.0,White,V1O2
382,1.0,White,V1O2
383,1.0,White,V1O2
384,0.9479166666666666,White,V1O2
385,0.9919632606199771,White,V1O2
386,1.0,White,V1O2
387,0.9942857142857143,White,V1O2
388,0.9396551724137931,White,V1O2
389,0.9668949771689498,White,V1O2
390,1.0,White,V1O2
391,0.9226327944572749,White,V1O2
392,0.9874429223744292,White,V1O2
393,1.0,White,V1O2
394,0.9657142857142857,White,V1O2
395,1.0,White,V1O2
396,0.9668949771689498,White,V1O2
397,1.0,White,V1O2
398,0.976027397260274,White,V1O2
399,0.8887601390498262,White,V1O2
400,1.0,White,V1O2
401,1.0,White,V1O2
402,1.0,White,V1O2
403,1.0,White,V1O2
404,0.9748858447488584,White,V1O2
405,1.0,White,V1O2
406,0.9897142857142858,White,V1O2
407,0.9701834862385321,White,V1O2
408,1.0,White,V1O2
409,1.0,White,V1O2
410,1.0,White,V1O2
411,1.0,White,V1O2
412,1.0,White,V1O2
413,1.0,White,V1O2
414,1.0,White,V1O2
415,1.0,White,V1O2
416,1.0,White,V1O2
417,0.9707602339181286,White,V1O2
418,1.0,White,V1O2
419,0.9703196347031964,White,V1O2
420,1.0,White,V1O2
421,1.0,White,V1O2
422,0.9908256880733946,White,V1O2
423,1.0,White,V1O2
424,1.0,White,V1O2
425,0.9597701149425287,White,V1O2
426,1.0,White,V1O2
427,0.9976851851851852,White,V1O2
428,0.9828571428571429,White,V1O2
429,1.0,White,V1O2
430,1.0,White,V1O2
431,1.0,White,V1O2
432,1.0,White,V1O2
433,1.0,White,V1O2
434,1.0,White,V1O2
435,1.0,White,V1O2
436,0.9423529411764706,White,V1O2
437,1.0,White,V1O2
438,1.0,White,V1O2
439,1.0,White,V1O2
440,0.9850917431192661,White,V1O2
441,1.0,White,V1O2
442,0.9533255542590432,White,V1O2
443,1.0,White,V1O2
444,0.9839449541284404,White,V1O2
445,0.9965753424657534,White,V1O2
446,1.0,White,V1O2
447,1.0,White,V1O2
448,1.0,White,V1O2
449,1.0,White,V1O2
450,1.0,White,V1O2
451,1.0,White,V1O2
452,1.0,White,V1O2
453,1.0,White,V1O2
454,1.0,White,V1O2
455,1.0,White,V1O2
456,0.9771428571428571,White,V1O2
457,1.0,White,V1O2
458,1.0,White,V1O2
459,0.9977116704805492,White,V1O2
460,1.0,White,V1O2
461,0.960919540229885,White,V1O2
462,1.0,White,V1O2
463,1.0,White,V1O2
464,1.0,White,V1O2
465,1.0,White,V1O2
466,1.0,White,V1O2
467,0.984,White,V1O2
468,1.0,White,V1O2
469,1.0,White,V1O2
470,1.0,White,V1O2
471,1.0,White,V1O2
472,1.0,White,V1O2
473,1.0,White,V1O2
474,1.0,White,V1O2
475,0.9702857142857143,White,V1O2
476,1.0,White,V1O2
477,0.997716894977169,White,V1O2
478,1.0,White,V1O2
479,1.0,White,V1O2
480,1.0,White,V1O2
481,0.995418098510882,White,V1O2
482,1.0,White,V1O2
483,1.0,White,V1O2
484,1.0,White,V1O2
485,1.0,White,V1O2
486,1.0,White,V1O2
487,1.0,White,V1O2
488,1.0,White,V1O2
489,0.9965714285714286,White,V1O2
490,1.0,White,V1O2
491,1.0,White,V1O2
492,1.0,White,V1O2
493,1.0,White,V1O2
494,1.0,White,V1O2
495,1.0,White,V1O2
496,1.0,White,V1O2
497,0.9816933638443935,White,V1O2
498,0.9931428571428571,White,V1O2
499,0.9737142857142858,White,V1O2
500,1.0,White,V1O2
501,1.0,White,V1O2
502,1.0,White,V1O2
503,1.0,White,V1O2
504,1.0,White,V1O2
505,1.0,White,V1O2
506,1.0,White,V1O2
507,1.0,White,V1O2
508,1.0,White,V1O2
509,1.0,White,V1O2
510,1.0,White,V1O2
511,1.0,White,V1O2
512,1.0,White,V1O2
513,1.0,White,V1O2
514,1.0,White,V1O2
515,1.0,White,V1O2
516,1.0,White,V1O2
517,1.0,White,V1O2
518,1.0,White,V1O2
519,1.0,White,V1O2
520,1.0,White,V1O2
521,1.0,White,V1O2
522,0.9908571428571429,White,V1O2
523,1.0,White,V1O2
524,1.0,White,V1O2
525,0.9919908466819222,White,V1O2
526,1.0,White,V1O2
527,1.0,White,V1O2
528,1.0,White,V1O2
529,1.0,White,V1O2
530,1.0,White,V1O2
531,1.0,White,V1O2
532,1.0,White,V1O2
533,1.0,White,V1O2
534,1.0,White,V1O2
535,1.0,White,V1O2
536,1.0,White,V1O2
537,1.0,White,V1O2
538,1.0,White,V1O2
539,0.9908466819221968,White,V1O2
540,1.0,White,V1O2
541,1.0,White,V1O2
542,1.0,White,V1O2
543,1.0,White,V1O2
544,1.0,White,V1O2
545,1.0,White,V1O2
546,1.0,White,V1O2
547,1.0,White,V1O2
548,1.0,White,V1O2
549,1.0,White,V1O2
550,1.0,White,V1O2
551,1.0,White,V1O2
552,1.0,White,V1O2
553,1.0,White,V1O2
554,1.0,White,V1O2
555,1.0,White,V1O2
556,1.0,White,V1O2
557,1.0,White,V1O2
558,1.0,White,V1O2
559,1.0,White,V1O2
560,1.0,White,V1O2
561,1.0,White,V1O2
562,1.0,White,V1O2
563,1.0,White,V1O2
564,1.0,White,V1O2
565,1.0,White,V1O2
566,1.0,White,V1O2
567,1.0,White,V1O2
568,1.0,White,V1O2
569,1.0,White,V1O2
570,1.0,White,V1O2
571,1.0,White,V1O2
572,1.0,White,V1O2
573,1.0,White,V1O2
574,1.0,White,V1O2
575,1.0,White,V1O2
576,1.0,White,V1O2
577,1.0,White,V1O2
578,1.0,White,V1O2
579,1.0,White,V1O2
580,1.0,White,V1O2
581,1.0,White,V1O2
582,1.0,White,V1O2
583,1.0,White,V1O2
584,1.0,White,V1O2
585,1.0,White,V1O2
586,1.0,White,V1O2
587,1.0,White,V1O2
588,1.0,White,V1O2
589,1.0,White,V1O2
590,1.0,White,V1O2
591,1.0,White,V1O2
592,1.0,White,V1O2
593,1.0,White,V1O2
594,1.0,White,V1O2
595,1.0,White,V1O2
596,1.0,White,V1O2
597,1.0,White,V1O2
598,1.0,White,V1O2
599,1.0,White,V1O2
600,1.0,White,V1O2
601,1.0,White,V1O2
602,1.0,White,V1O2
603,1.0,White,V1O2
604,1.0,White,V1O2
605,1.0,White,V1O2
606,1.0,White,V1O2
607,1.0,White,V1O2
608,1.0,White,V1O2
609,1.0,White,V1O2
610,1.0,White,V1O2
611,1.0,White,V1O2
612,1.0,White,V1O2
613,1.0,White,V1O2
614,1.0,White,V1O2
615,1.0,White,V1O2
616,1.0,White,V1O2
617,1.0,White,V1O2
618,1.0,White,V1O2
619,1.0,White,V1O2
620,1.0,White,V1O2
621,1.0,White,V1O2
622,1.0,White,V1O2
623,1.0,White,V1O2
624,1.0,White,V1O2
625,1.0,White,V1O2
626,1.0,White,V1O2
627,1.0,White,V1O2
628,1.0,White,V1O2
629,1.0,White,V1O2
630,1.0,White,V1O2
631,1.0,White,V1O2
632,1.0,White,V1O2
633,1.0,White,V1O2
634,1.0,White,V1O2
635,1.0,White,V1O2
636,1.0,White,V1O2
637,1.0,White,V1O2
638,1.0,White,V1O2
639,1.0,White,V1O2
640,1.0,White,V1O2
641,1.0,White,V1O2
642,1.0,White,V1O2
643,1.0,White,V1O2
644,1.0,White,V1O2
645,1.0,White,V1O2
646,1.0,White,V1O2
647,1.0,White,V1O2
648,1.0,White,V1O2
649,1.0,White,V1O2
650,1.0,White,V1O2
651,1.0,White,V1O2
652,1.0,White,V1O2
653,1.0,White,V1O2
654,1.0,White,V1O2
655,1.0,White,V1O2
656,1.0,White,V1O2
657,1.0,White,V1O2
658,1.0,White,V1O2
659,1.0,White,V1O2
660,1.0,White,V1O2
661,0.9908466819221968,White,V1O2
662,1.0,White,V1O2
663,1.0,White,V1O2
664,1.0,White,V1O2
665,1.0,White,V1O2
666,1.0,White,V1O2
667,1.0,White,V1O2
668,1.0,White,V1O2
669,1.0,White,V1O2
670,1.0,White,V1O2
671,1.0,White,V1O2
672,1.0,White,V1O2
673,1.0,White,V1O2
674,1.0,White,V1O2
675,1.0,White,V1O2
676,1.0,White,V1O2
677,1.0,White,V1O2
678,1.0,White,V1O2
679,1.0,White,V1O2
680,1.0,White,V1O2
681,1.0,White,V1O2
682,1.0,White,V1O2
683,1.0,White,V1O2
684,1.0,White,V1O2
685,1.0,White,V1O2
686,1.0,White,V1O2
687,1.0,White,V1O2
688,1.0,White,V1O2
689,1.0,White,V1O2
690,1.0,White,V1O2
691,1.0,White,V1O2
692,1.0,White,V1O2
693,1.0,White,V1O2
694,1.0,White,V1O2
695,1.0,White,V1O2
696,1.0,White,V1O2
697,1.0,White,V1O2
698,0.9931506849315068,White,V1O2
699,1.0,White,V1O2
700,1.0,White,V1O2
701,0.9713631156930126,White,V1O2
702,1.0,White,V1O2
703,1.0,White,V1O2
704,0.9954285714285714,White,V1O2
705,0.9885844748858448,White,V1O2
706,1.0,White,V1O2
707,0.9942857142857143,White,V1O2
708,1.0,White,V1O2
709,1.0,White,V1O2
710,0.9965753424657534,White,V1O2
711,1.0,White,V1O2
712,1.0,White,V1O2
713,1.0,White,V1O2
714,1.0,White,V1O2
715,1.0,White,V1O2
716,1.0,White,V1O2
717,1.0,White,V1O2
718,0.9942922374429224,White,V1O2
719,1.0,White,V1O2
720,1.0,White,V1O2
721,1.0,White,V1O2
722,1.0,White,V1O2
723,1.0,White,V1O2
724,1.0,White,V1O2
725,1.0,White,V1O2
726,0.9965753424657534,White,V1O2
727,0.9908675799086758,White,V1O2
728,1.0,White,V1O2
729,1.0,White,V1O2
730,1.0,White,V1O2
731,1.0,White,V1O2
732,1.0,White,V1O2
733,1.0,White,V1O2
734,0.9897142857142858,White,V1O2
735,0.9840182648401826,White,V1O2
736,0.997716894977169,White,V1O2
737,1.0,White,V1O2
738,1.0,White,V1O2
739,1.0,White,V1O2
740,1.0,White,V1O2
741,1.0,White,V1O2
742,1.0,White,V1O2
743,1.0,White,V1O2
744,1.0,White,V1O2
745,1.0,White,V1O2
746,0.9908675799086758,White,V1O2
747,1.0,White,V1O2
748,1.0,White,V1O2
749,1.0,White,V1O2
750,1.0,White,V1O2
751,0.9942987457240593,White,V1O2
752,1.0,White,V1O2
753,1.0,White,V1O2
754,1.0,White,V1O2
755,1.0,White,V1O2
756,1.0,White,V1O2
757,0.9931506849315068,White,V1O2
758,1.0,White,V1O2
759,1.0,White,V1O2
760,1.0,White,V1O2
761,1.0,White,V1O2
762,1.0,White,V1O2
763,1.0,White,V1O2
764,1.0,White,V1O2
765,0.997716894977169,White,V1O2
766,1.0,White,V1O2
767,1.0,White,V1O2
768,1.0,White,V1O2
769,1.0,White,V1O2
770,0.997716894977169,White,V1O2
771,1.0,White,V1O2
772,1.0,White,V1O2
773,1.0,White,V1O2
774,1.0,White,V1O2
775,0.9988584474885844,White,V1O2
776,1.0,White,V1O2
777,1.0,White,V1O2
778,1.0,White,V1O2
779,0.9988584474885844,White,V1O2
780,1.0,White,V1O2
781,1.0,White,V1O2
782,1.0,White,V1O2
783,1.0,White,V1O2
784,1.0,White,V1O2
785,1.0,White,V1O2
786,1.0,White,V1O2
787,1.0,White,V1O2
788,1.0,White,V1O2
789,1.0,White,V1O2
790,1.0,White,V1O2
791,1.0,White,V1O2
792,1.0,White,V1O2
793,0.9954337899543378,White,V1O2
794,0.9942987457240593,White,V1O2
795,1.0,White,V1O2
796,1.0,White,V1O2
797,1.0,White,V1O2
798,1.0,White,V1O2
799,1.0,White,V1O2
800,1.0,White,V1O2
801,1.0,White,V1O2
802,1.0,White,V1O2
803,1.0,White,V1O2
804,1.0,White,V1O2
805,1.0,White,V1O2
806,1.0,White,V1O2
807,1.0,White,V1O2
808,1.0,White,V1O2
809,1.0,White,V1O2
810,1.0,White,V1O2
811,1.0,White,V1O2
812,1.0,White,V1O2
813,1.0,White,V1O2
814,1.0,White,V1O2
815,1.0,White,V1O2
816,1.0,White,V1O2
817,1.0,White,V1O2
818,1.0,White,V1O2
819,1.0,White,V1O2
820,0.9965792474344356,White,V1O2
821,1.0,White,V1O2
822,1.0,White,V1O2
823,1.0,White,V1O2
824,1.0,White,V1O2
825,1.0,White,V1O2
826,1.0,White,V1O2
827,0.9977116704805492,White,V1O2
828,1.0,White,V1O2
829,1.0,White,V1O2
830,1.0,White,V1O2
831,1.0,White,V1O2
832,1.0,White,V1O2
833,0.9977142857142857,White,V1O2
834,1.0,White,V1O2
835,1.0,White,V1O2
836,1.0,White,V1O2
837,1.0,White,V1O2
838,1.0,White,V1O2
839,1.0,White,V1O2
840,1.0,White,V1O2
841,1.0,White,V1O2
842,1.0,White,V1O2
843,1.0,White,V1O2
844,1.0,White,V1O2
845,1.0,White,V1O2
846,1.0,White,V1O2
847,1.0,White,V1O2
848,1.0,White,V1O2
849,1.0,White,V1O2
850,1.0,White,V1O2
851,1.0,White,V1O2
852,1.0,White,V1O2
853,1.0,White,V1O2
854,1.0,White,V1O2
855,1.0,White,V1O2
856,1.0,White,V1O2
857,0.9965792474344356,White,V1O2
858,1.0,White,V1O2
859,1.0,White,V1O2
860,0.9931584948688712,White,V1O2
861,0.9954233409610984,White,V1O2
862,1.0,White,V1O2
863,1.0,White,V1O2
864,1.0,White,V1O2
865,1.0,White,V1O2
866,1.0,White,V1O2
867,0.9988584474885844,White,V1O2
868,1.0,White,V1O2
869,1.0,White,V1O2
870,1.0,White,V1O2
871,1.0,White,V1O2
872,1.0,White,V1O2
873,1.0,White,V1O2
874,1.0,White,V1O2
875,1.0,White,V1O2
876,1.0,White,V1O2
877,1.0,White,V1O2
878,1.0,White,V1O2
879,1.0,White,V1O2
880,1.0,White,V1O2
881,1.0,White,V1O2
882,1.0,White,V1O2
883,1.0,White,V1O2
884,1.0,White,V1O2
885,1.0,White,V1O2
886,1.0,White,V1O2
887,1.0,White,V1O2
888,1.0,White,V1O2
889,0.9954337899543378,White,V1O2
890,1.0,White,V1O2
891,1.0,White,V1O2
892,1.0,White,V1O2
893,1.0,White,V1O2
894,1.0,White,V1O2
895,1.0,White,V1O2
896,1.0,White,V1O2
897,1.0,White,V1O2
898,1.0,White,V1O2
899,1.0,White,V1O2
900,1.0,White,V1O2
901,1.0,White,V1O2
902,1.0,White,V1O2
903,0.9942922374429224,White,V1O2
904,1.0,White,V1O2
905,1.0,White,V1O2
906,1.0,White,V1O2
907,1.0,White,V1O2
908,1.0,White,V1O2
909,1.0,White,V1O2
910,1.0,White,V1O2
911,1.0,White,V1O2
912,1.0,White,V1O2
913,1.0,White,V1O2
914,1.0,White,V1O2
915,1.0,White,V1O2
916,1.0,White,V1O2
917,1.0,White,V1O2
918,1.0,White,V1O2
919,1.0,White,V1O2
920,0.997716894977169,White,V1O2
921,1.0,White,V1O2
922,1.0,White,V1O2
923,1.0,White,V1O2
924,1.0,White,V1O2
925,1.0,White,V1O2
926,1.0,White,V1O2
927,1.0,White,V1O2
928,1.0,White,V1O2
929,1.0,White,V1O2
930,1.0,White,V1O2
931,1.0,White,V1O2
932,1.0,White,V1O2
933,1.0,White,V1O2
934,1.0,White,V1O2
935,1.0,White,V1O2
936,1.0,White,V1O2
937,1.0,White,V1O2
938,1.0,White,V1O2
939,1.0,White,V1O2
940,1.0,White,V1O2
941,1.0,White,V1O2
942,1.0,White,V1O2
943,1.0,White,V1O2
944,0.9977116704805492,White,V1O2
945,1.0,White,V1O2
946,1.0,White,V1O2
947,1.0,White,V1O2
948,1.0,White,V1O2
949,1.0,White,V1O2
950,1.0,White,V1O2
951,1.0,White,V1O2
952,1.0,White,V1O2
953,1.0,White,V1O2
954,1.0,White,V1O2
955,1.0,White,V1O2
956,1.0,White,V1O2
957,1.0,White,V1O2
958,1.0,White,V1O2
959,1.0,White,V1O2
960,1.0,White,V1O2
961,1.0,White,V1O2
962,1.0,White,V1O2
963,1.0,White,V1O2
964,1.0,White,V1O2
965,1.0,White,V1O2
966,1.0,White,V1O2
967,1.0,White,V1O2
968,1.0,White,V1O2
969,1.0,White,V1O2
970,1.0,White,V1O2
971,1.0,White,V1O2
972,1.0,White,V1O2
973,1.0,White,V1O2
974,1.0,White,V1O2
975,1.0,White,V1O2
976,1.0,White,V1O2
977,1.0,White,V1O2
978,1.0,White,V1O2
979,1.0,White,V1O2
980,1.0,White,V1O2
981,1.0,White,V1O2
982,1.0,White,V1O2
983,1.0,White,V1O2
984,1.0,White,V1O2
985,1.0,White,V1O2
986,1.0,White,V1O2
987,1.0,White,V1O2
988,1.0,White,V1O2
989,1.0,White,V1O2
990,1.0,White,V1O2
991,1.0,White,V1O2
992,1.0,White,V1O2
993,1.0,White,V1O2
994,1.0,White,V1O2
995,1.0,White,V1O2
996,1.0,White,V1O2
997,1.0,White,V1O2
998,1.0,White,V1O2
999,1.0,White,V1O2
1000,1.0,White,V1O2
1001,1.0,White,V1O2
1002,1.0,White,V1O2
1003,1.0,White,V1O2
1004,1.0,White,V1O2
1005,1.0,White,V1O2
1006,1.0,White,V1O2
1007,1.0,White,V1O2
1008,1.0,White,V1O2
1009,1.0,White,V1O2
1010,1.0,White,V1O2
1011,1.0,White,V1O2
1012,0.9965792474344356,White,V1O2
1013,1.0,White,V1O2
1014,1.0,White,V1O2
1015,1.0,White,V1O2
1016,0.9988571428571429,White,V1O2
1017,1.0,White,V1O2
1018,1.0,White,V1O2
1019,1.0,White,V1O2
1020,1.0,White,V1O2
1021,1.0,White,V1O2
1022,1.0,White,V1O2
1023,1.0,White,V1O2
1024,1.0,White,V1O2
1025,1.0,White,V1O2
1026,1.0,White,V1O2
1027,1.0,White,V1O2
1028,1.0,White,V1O2
1029,1.0,White,V1O2
1030,1.0,White,V1O2
1031,1.0,White,V1O2
1032,1.0,White,V1O2
1033,0.9988584474885844,White,V1O2
1034,0.9908675799086758,White,V1O2
1035,1.0,White,V1O2
1036,1.0,White,V1O2
1037,1.0,White,V1O2
1038,1.0,White,V1O2
1039,1.0,White,V1O2
1040,0.9931428571428571,White,V1O2
1041,1.0,White,V1O2
1042,1.0,White,V1O2
1043,1.0,White,V1O2
1044,1.0,White,V1O2
1045,1.0,White,V1O2
1046,1.0,White,V1O2
1047,1.0,White,V1O2
1048,1.0,White,V1O2
1049,1.0,White,V1O2
1050,1.0,White,V1O2
1051,1.0,White,V1O2
1052,1.0,White,V1O2
1053,0.9965714285714286,White,V1O2
1054,0.9954389965792474,White,V1O2
1055,1.0,White,V1O2
1056,1.0,White,V1O2
1057,1.0,White,V1O2
1058,1.0,White,V1O2
1059,1.0,White,V1O2
1060,1.0,White,V1O2
1061,1.0,White,V1O2
1062,1.0,White,V1O2
1063,1.0,White,V1O2
1064,1.0,White,V1O2
1065,1.0,White,V1O2
1066,1.0,White,V1O2
1067,1.0,White,V1O2
1068,1.0,White,V1O2
1069,1.0,White,V1O2
1070,1.0,White,V1O2
1071,1.0,White,V1O2
1072,1.0,White,V1O2
1073,1.0,White,V1O2
1074,1.0,White,V1O2
1075,1.0,White,V1O2
1076,1.0,White,V1O2
1077,1.0,White,V1O2
1078,1.0,White,V1O2
1079,1.0,White,V1O2
1080,1.0,White,V1O2
1081,1.0,White,V1O2
1082,1.0,White,V1O2
1083,1.0,White,V1O2
1084,1.0,White,V1O2
1085,1.0,White,V1O2
1086,1.0,White,V1O2
1087,1.0,White,V1O2
1088,1.0,White,V1O2
1089,1.0,White,V1O2
1090,0.997716894977169,White,V1O2
1091,1.0,White,V1O2
1092,1.0,White,V1O2
1093,1.0,White,V1O2
1094,1.0,White,V1O2
1095,1.0,White,V1O2
1096,1.0,White,V1O2
1097,0.9942922374429224,White,V1O2
1098,1.0,White,V1O2
1099,1.0,White,V1O2
1100,1.0,White,V1O2
1101,1.0,White,V1O2
1102,0.9954389965792474,White,V1O2
1103,0.973744292237443,White,V1O2
1104,1.0,White,V1O2
1105,1.0,White,V1O2
1106,1.0,White,V1O2
1107,1.0,White,V1O2
1108,1.0,White,V1O2
1109,1.0,White,V1O2
1110,0.9965753424657534,White,V1O2
1111,1.0,White,V1O2
1112,1.0,White,V1O2
1113,1.0,White,V1O2
1114,1.0,White,V1O2
1115,1.0,White,V1O2
1116,1.0,White,V1O2
1117,1.0,White,V1O2
1118,1.0,White,V1O2
1119,1.0,White,V1O2
1120,1.0,White,V1O2
1121,1.0,White,V1O2
1122,1.0,White,V1O2
1123,1.0,White,V1O2
1124,1.0,White,V1O2
1125,1.0,White,V1O2
1126,1.0,White,V1O2
1127,1.0,White,V1O2
1128,0.9965792474344356,White,V1O2
1129,1.0,White,V1O2
1130,1.0,White,V1O2
1131,1.0,White,V1O2
1132,1.0,White,V1O2
1133,1.0,White,V1O2
1134,0.9954337899543378,White,V1O2
1135,1.0,White,V1O2
1136,1.0,White,V1O2
1137,1.0,White,V1O2
1138,1.0,White,V1O2
1139,1.0,White,V1O2
1140,1.0,White,V1O2
1141,1.0,White,V1O2
1142,1.0,White,V1O2
1143,1.0,White,V1O2
1144,1.0,White,V1O2
1145,1.0,White,V1O2
1146,1.0,White,V1O2
1147,1.0,White,V1O2
1148,1.0,White,V1O2
1149,1.0,White,V1O2
1150,1.0,White,V1O2
1151,1.0,White,V1O2
1152,1.0,White,V1O2
1153,1.0,White,V1O2
1154,1.0,White,V1O2
1155,1.0,White,V1O2
1156,1.0,White,V1O2
1157,1.0,White,V1O2
1158,1.0,White,V1O2
1159,0.9988584474885844,White,V1O2
1160,0.9931506849315068,White,V1O2
1161,1.0,White,V1O2
1162,1.0,White,V1O2
1163,1.0,White,V1O2
1164,1.0,White,V1O2
1165,1.0,White,V1O2
1166,1.0,White,V1O2
1167,1.0,White,V1O2
1168,1.0,White,V1O2
1169,1.0,White,V1O2
1170,1.0,White,V1O2
1171,1.0,White,V1O2
1172,1.0,White,V1O2
1173,0.9931506849315068,White,V1O2
1174,0.9942857142857143,White,V1O2
1175,1.0,White,V1O2
1176,1.0,White,V1O2
1177,1.0,White,V1O2
1178,1.0,White,V1O2
1179,1.0,White,V1O2
1180,1.0,White,V1O2
1181,1.0,White,V1O2
1182,1.0,White,V1O2
1183,1.0,White,V1O2
1184,1.0,White,V1O2
1185,1.0,White,V1O2
1186,1.0,White,V1O2
1187,1.0,White,V1O2
1188,1.0,White,V1O2
1189,0.9806157354618016,White,V1O2
1190,1.0,White,V1O2
1191,1.0,White,V1O2
1192,1.0,White,V1O2
1193,1.0,White,V1O2
1194,1.0,White,V1O2
1195,1.0,White,V1O2
1196,1.0,White,V1O2
1197,0.978310502283105,White,V1O2
1198,1.0,White,V1O2
1199,1.0,White,V1O2
1200,1.0,White,V1O2
1201,0.984036488027366,White,V1O2
1202,1.0,White,V1O2
1203,1.0,White,V1O2
1204,1.0,White,V1O2
1205,1.0,White,V1O2
1206,1.0,White,V1O2
1207,0.9840182648401826,White,V1O2
1208,0.9965753424657534,White,V1O2
1209,0.9920091324200914,White,V1O2
1210,1.0,White,V1O2
1211,1.0,White,V1O2
1212,1.0,White,V1O2
1213,1.0,White,V1O2
1214,0.9988584474885844,White,V1O2
1215,1.0,White,V1O2
1216,1.0,White,V1O2
1217,1.0,White,V1O2
1218,1.0,White,V1O2
1219,1.0,White,V1O2
1220,1.0,White,V1O2
1221,1.0,White,V1O2
1222,1.0,White,V1O2
1223,1.0,White,V1O2
1224,1.0,White,V1O2
1225,1.0,White,V1O2
1226,1.0,White,V1O2
1227,1.0,White,V1O2
1228,0.9828767123287672,White,V1O2
1229,1.0,White,V1O2
1230,1.0,White,V1O2
1231,1.0,White,V1O2
1232,0.9884659746251442,White,V1O2
1233,1.0,White,V1O2
1234,1.0,White,V1O2
1235,1.0,White,V1O2
1236,1.0,White,V1O2
1237,1.0,White,V1O2
1238,1.0,White,V1O2
1239,1.0,White,V1O2
1240,1.0,White,V1O2
1241,1.0,White,V1O2
1242,1.0,White,V1O2
1243,1.0,White,V1O2
1244,1.0,White,V1O2
1245,1.0,White,V1O2
1246,0.9954389965792474,White,V1O2
1247,1.0,White,V1O2
1248,1.0,White,V1O2
1249,0.9885844748858448,White,V1O2
1250,1.0,White,V1O2
1251,1.0,White,V1O2
1252,1.0,White,V1O2
1253,1.0,White,V1O2
1254,1.0,White,V1O2
1255,1.0,White,V1O2
1256,1.0,White,V1O2
1257,1.0,White,V1O2
1258,1.0,White,V1O2
1259,1.0,White,V1O2
1260,1.0,White,V1O2
1261,1.0,White,V1O2
1262,1.0,White,V1O2
1263,1.0,White,V1O2
1264,1.0,White,V1O2
1265,1.0,White,V1O2
1266,1.0,White,V1O2
1267,1.0,White,V1O2
1268,1.0,White,V1O2
1269,1.0,White,V1O2
1270,1.0,White,V1O2
1271,1.0,White,V1O2
1272,1.0,White,V1O2
1273,1.0,White,V1O2
1274,1.0,White,V1O2
1275,0.9838709677419355,White,V1O2
1276,1.0,White,V1O2
1277,1.0,White,V1O2
1278,1.0,White,V1O2
1279,1.0,White,V1O2
1280,1.0,White,V1O2
1281,1.0,White,V1O2
1282,1.0,White,V1O2
1283,1.0,White,V1O2
1284,1.0,White,V1O2
1285,1.0,White,V1O2
1286,1.0,White,V1O2
1287,1.0,White,V1O2
1288,1.0,White,V1O2
1289,1.0,White,V1O2
1290,1.0,White,V1O2
1291,1.0,White,V1O2
1292,1.0,White,V1O2
1293,1.0,White,V1O2
1294,1.0,White,V1O2
1295,1.0,White,V1O2
1296,1.0,White,V1O2
1297,1.0,White,V1O2
1298,1.0,White,V1O2
1299,1.0,White,V1O2
1300,1.0,White,V1O2
1301,1.0,White,V1O2
1302,1.0,White,V1O2
1303,1.0,White,V1O2
1304,1.0,White,V1O2
1305,1.0,White,V1O2
1306,1.0,White,V1O2
1307,1.0,White,V1O2
1308,1.0,White,V1O2
1309,1.0,White,V1O2
1310,1.0,White,V1O2
1311,1.0,White,V1O2
1312,1.0,White,V1O2
1313,1.0,White,V1O2
1314,1.0,White,V1O2
1315,1.0,White,V1O2
1316,1.0,White,V1O2
1317,1.0,White,V1O2
1318,1.0,White,V1O2
1319,1.0,White,V1O2
1320,1.0,White,V1O2
1321,1.0,White,V1O2
1322,1.0,White,V1O2
1323,1.0,White,V1O2
1324,1.0,White,V1O2
1325,1.0,White,V1O2
1326,1.0,White,V1O2
1327,1.0,White,V1O2
1328,1.0,White,V1O2
1329,1.0,White,V1O2
1330,1.0,White,V1O2
1331,1.0,White,V1O2
1332,1.0,White,V1O2
1333,1.0,White,V1O2
1334,1.0,White,V1O2
1335,1.0,White,V1O2
1336,1.0,White,V1O2
1337,1.0,White,V1O2
1338,1.0,White,V1O2
1339,1.0,White,V1O2
1340,1.0,White,V1O2
1341,1.0,White,V1O2
1342,1.0,White,V1O2
1343,1.0,White,V1O2
1344,1.0,White,V1O2
1345,1.0,White,V1O2
1346,1.0,White,V1O2
1347,1.0,White,V1O2
1348,1.0,White,V1O2
1349,1.0,White,V1O2
1350,1.0,White,V1O2
1351,1.0,White,V1O2
1352,1.0,White,V1O2
1353,1.0,White,V1O2
1354,1.0,White,V1O2
1355,1.0,White,V1O2
1356,1.0,White,V1O2
1357,1.0,White,V1O2
1358,1.0,White,V1O2
1359,1.0,White,V1O2
1360,1.0,White,V1O2
1361,1.0,White,V1O2
1362,1.0,White,V1O2
1363,1.0,White,V1O2
1364,1.0,White,V1O2
1365,1.0,White,V1O2
1366,1.0,White,V1O2
1367,1.0,White,V1O2
1368,1.0,White,V1O2
1369,1.0,White,V1O2
1370,1.0,White,V1O2
1371,1.0,White,V1O2
1372,1.0,White,V1O2
1373,1.0,White,V1O2
1374,1.0,White,V1O2
1375,1.0,White,V1O2
1376,1.0,White,V1O2
1377,1.0,White,V1O2
1378,1.0,White,V1O2
1379,1.0,White,V1O2
1380,1.0,White,V1O2
1381,1.0,White,V1O2
1382,1.0,White,V1O2
1383,1.0,White,V1O2
1384,1.0,White,V1O2
1385,1.0,White,V1O2
1386,1.0,White,V1O2
1387,1.0,White,V1O2
1388,1.0,White,V1O2
1389,1.0,White,V1O2
1390,1.0,White,V1O2
1391,1.0,White,V1O2
1392,1.0,White,V1O2
1393,1.0,White,V1O2
1394,1.0,White,V1O2
1395,1.0,White,V1O2
1396,1.0,White,V1O2
1397,1.0,White,V1O2
1398,1.0,White,V1O2
1399,1.0,White,V1O2
1400,1.0,White,V1O2
1401,1.0,White,V1O2
1402,1.0,White,V1O2
1403,1.0,White,V1O2
1404,1.0,White,V1O2
1405,1.0,White,V1O2
1406,1.0,White,V1O2
1407,1.0,White,V1O2
1408,1.0,White,V1O2
1409,1.0,White,V1O2
1410,1.0,White,V1O2
1411,1.0,White,V1O2
1412,1.0,White,V1O2
1413,1.0,White,V1O2
1414,1.0,White,V1O2
1415,1.0,White,V1O2
1416,1.0,White,V1O2
1417,1.0,White,V1O2
1418,1.0,White,V1O2
1419,1.0,White,V1O2
1420,1.0,White,V1O2
1421,1.0,White,V1O2
1422,1.0,White,V1O2
1423,1.0,White,V1O2
1424,1.0,White,V1O2
1425,1.0,White,V1O2
1426,1.0,White,V1O2
1427,1.0,White,V1O2
1428,1.0,White,V1O2
1429,1.0,White,V1O2
1430,1.0,White,V1O2
1431,1.0,White,V1O2
1432,1.0,White,V1O2
1433,1.0,White,V1O2
1434,1.0,White,V1O2
1435,1.0,White,V1O2
1436,1.0,White,V1O2
1437,1.0,White,V1O2
1438,1.0,White,V1O2
1439,1.0,White,V1O2
1440,1.0,White,V1O2
1441,1.0,White,V1O2
1442,1.0,White,V1O2
1443,1.0,White,V1O2
1444,1.0,White,V1O2
1445,1.0,White,V1O2
1446,1.0,White,V1O2
1447,1.0,White,V1O2
1448,1.0,White,V1O2
1449,1.0,White,V1O2
1450,1.0,White,V1O2
1451,1.0,White,V1O2
1452,1.0,White,V1O2
1453,1.0,White,V1O2
1454,1.0,White,V1O2
1455,1.0,White,V1O2
1456,1.0,White,V1O2
1457,1.0,White,V1O2
1458,1.0,White,V1O2
1459,1.0,White,V1O2
1460,1.0,White,V1O2
1461,1.0,White,V1O2
1462,1.0,White,V1O2
1463,1.0,White,V1O2
1464,1.0,White,V1O2
1465,1.0,White,V1O2
1466,1.0,White,V1O2
1467,1.0,White,V1O2
1468,1.0,White,V1O2
1469,1.0,White,V1O2
1470,1.0,White,V1O2
1471,1.0,White,V1O2
1472,1.0,White,V1O2
1473,1.0,White,V1O2
1474,1.0,White,V1O2
1475,1.0,White,V1O2
1476,1.0,White,V1O2
1477,1.0,White,V1O2
1478,1.0,White,V1O2
1479,1.0,White,V1O2
1480,1.0,White,V1O2
1481,1.0,White,V1O2
1482,1.0,White,V1O2
1483,1.0,White,V1O2
1484,1.0,White,V1O2
1485,1.0,White,V1O2
1486,1.0,White,V1O2
1487,1.0,White,V1O2
1488,1.0,White,V1O2
1489,1.0,White,V1O2
1490,1.0,White,V1O2
1491,1.0,White,V1O2
1492,1.0,White,V1O2
1493,1.0,White,V1O2
1494,1.0,White,V1O2
1495,1.0,White,V1O2
1496,1.0,White,V1O2
1497,1.0,White,V1O2
1498,1.0,White,V1O2
1499,1.0,White,V1O2
1500,1.0,White,V1O2
1501,1.0,White,V1O2
1502,1.0,White,V1O2
1503,1.0,White,V1O2
1504,1.0,White,V1O2
1505,1.0,White,V1O2
1506,1.0,White,V1O2
1507,1.0,White,V1O2
1508,1.0,White,V1O2
1509,1.0,White,V1O2
1510,1.0,White,V1O2
1511,1.0,White,V1O2
1512,1.0,White,V1O2
1513,1.0,White,V1O2
1514,1.0,White,V1O2
1515,1.0,White,V1O2
1516,1.0,White,V1O2
1517,1.0,White,V1O2
1518,1.0,White,V1O2
1519,1.0,White,V1O2
1520,1.0,White,V1O2
1521,1.0,White,V1O2
1522,1.0,White,V1O2
1523,1.0,White,V1O2
1524,1.0,White,V1O2
1525,1.0,White,V1O2
1526,1.0,White,V1O2
1527,1.0,White,V1O2
1528,1.0,White,V1O2
1529,1.0,White,V1O2
1530,1.0,White,V1O2
1531,1.0,White,V1O2
1532,1.0,White,V1O2
1533,1.0,White,V1O2
1534,1.0,White,V1O2
1535,1.0,White,V1O2
1536,1.0,White,V1O2
1537,1.0,White,V1O2
1538,1.0,White,V1O2
1539,1.0,White,V1O2
1540,1.0,White,V1O2
1541,1.0,White,V1O2
1542,1.0,White,V1O2
1543,1.0,White,V1O2
1544,1.0,White,V1O2
1545,1.0,White,V1O2
1546,1.0,White,V1O2
1547,1.0,White,V1O2
1548,1.0,White,V1O2
1549,1.0,White,V1O2
1550,1.0,White,V1O2
1551,1.0,White,V1O2
1552,1.0,White,V1O2
1553,1.0,White,V1O2
1554,1.0,White,V1O2
1555,1.0,White,V1O2
1556,1.0,White,V1O2
1557,1.0,White,V1O2
1558,1.0,White,V1O2
1559,1.0,White,V1O2
1560,1.0,White,V1O2
1561,1.0,White,V1O2
1562,1.0,White,V1O2
1563,1.0,White,V1O2
1564,1.0,White,V1O2
1565,1.0,White,V1O2
1566,1.0,White,V1O2
1567,1.0,White,V1O2
1568,1.0,White,V1O2
1569,1.0,White,V1O2
1570,1.0,White,V1O2
1571,1.0,White,V1O2
1572,1.0,White,V1O2
1573,1.0,White,V1O2
1574,1.0,White,V1O2
1575,1.0,White,V1O2
1576,1.0,White,V1O2
1577,1.0,White,V1O2
1578,1.0,White,V1O2
1579,1.0,White,V1O2
1580,1.0,White,V1O2
1581,1.0,White,V1O2
1582,1.0,White,V1O2
1583,1.0,White,V1O2
1584,1.0,White,V1O2
1585,1.0,White,V1O2
1586,1.0,White,V1O2
1587,1.0,White,V1O2
1588,1.0,White,V1O2
1589,1.0,White,V1O2
1590,1.0,White,V1O2
1591,1.0,White,V1O2
1592,1.0,White,V1O2
1593,1.0,White,V1O2
1594,1.0,White,V1O2
1595,1.0,White,V1O2
1596,1.0,White,V1O2
1597,1.0,White,V1O2
1598,1.0,White,V1O2
1599,1.0,White,V1O2
1600,1.0,White,V1O2
1601,1.0,White,V1O2
1602,1.0,White,V1O2
1603,1.0,White,V1O2
1604,1.0,White,V1O2
1605,1.0,White,V1O2
1606,1.0,White,V1O2
1607,1.0,White,V1O2
1608,1.0,White,V1O2
1609,1.0,White,V1O2
1610,1.0,White,V1O2
1611,1.0,White,V1O2
1612,1.0,White,V1O2
1613,1.0,White,V1O2
1614,1.0,White,V1O2
1615,1.0,White,V1O2
1616,1.0,White,V1O2
1617,1.0,White,V1O2
1618,1.0,White,V1O2
1619,1.0,White,V1O2
1620,1.0,White,V1O2
1621,1.0,White,V1O2
1622,1.0,White,V1O2
1623,1.0,White,V1O2
1624,1.0,White,V1O2
1625,1.0,White,V1O2
1626,1.0,White,V1O2
1627,1.0,White,V1O2
1628,1.0,White,V1O2
1629,1.0,White,V1O2
1630,1.0,White,V1O2
1631,1.0,White,V1O2
1632,1.0,White,V1O2
1633,1.0,White,V1O2
1634,1.0,White,V1O2
1635,1.0,White,V1O2
1636,1.0,White,V1O2
1637,1.0,White,V1O2
1638,1.0,White,V1O2
1639,1.0,White,V1O2
1640,1.0,White,V1O2
1641,1.0,White,V1O2
1642,1.0,White,V1O2
1643,1.0,White,V1O2
1644,1.0,White,V1O2
1645,1.0,White,V1O2
1646,1.0,White,V1O2
1647,1.0,White,V1O2
1648,1.0,White,V1O2
1649,1.0,White,V1O2
1650,1.0,White,V1O2
1651,1.0,White,V1O2
1652,1.0,White,V1O2
1653,1.0,White,V1O2
1654,1.0,White,V1O2
1655,1.0,White,V1O2
1656,1.0,White,V1O2
1657,1.0,White,V1O2
1658,1.0,White,V1O2
1659,1.0,White,V1O2
1660,1.0,White,V1O2
1661,1.0,White,V1O2
1662,1.0,White,V1O2
1663,1.0,White,V1O2
1664,1.0,White,V1O2
1665,1.0,White,V1O2
1666,1.0,White,V1O2
1667,1.0,White,V1O2
1668,1.0,White,V1O2
1669,1.0,White,V1O2
1670,1.0,White,V1O2
1671,1.0,White,V1O2
1672,1.0,White,V1O2
1673,1.0,White,V1O2
1674,1.0,White,V1O2
1675,1.0,White,V1O2
1676,1.0,White,V1O2
1677,1.0,White,V1O2
1678,1.0,White,V1O2
1679,1.0,White,V1O2
1680,1.0,White,V1O2
1681,1.0,White,V1O2
1682,1.0,White,V1O2
1683,1.0,White,V1O2
1684,1.0,White,V1O2
1685,1.0,White,V1O2
1686,1.0,White,V1O2
1687,1.0,White,V1O2
1688,1.0,White,V1O2
1689,1.0,White,V1O2
1690,1.0,White,V1O2
1691,1.0,White,V1O2
1692,1.0,White,V1O2
1693,1.0,White,V1O2
1694,1.0,White,V1O2
1695,1.0,White,V1O2
1696,1.0,White,V1O2
1697,1.0,White,V1O2
1698,1.0,White,V1O2
1699,1.0,White,V1O2
1700,1.0,White,V1O2
1701,1.0,White,V1O2
1702,1.0,White,V1O2
1703,1.0,White,V1O2
1704,1.0,White,V1O2
1705,1.0,White,V1O2
1706,1.0,White,V1O2
1707,1.0,White,V1O2
1708,1.0,White,V1O2
1709,1.0,White,V1O2
1710,1.0,White,V1O2
1711,1.0,White,V1O2
1712,1.0,White,V1O2
1713,1.0,White,V1O2
1714,1.0,White,V1O2
1715,1.0,White,V1O2
1716,1.0,White,V1O2
1717,1.0,White,V1O2
1718,1.0,White,V1O2
1719,1.0,White,V1O2
1720,1.0,White,V1O2
1721,1.0,White,V1O2
1722,1.0,White,V1O2
1723,1.0,White,V1O2
1724,1.0,White,V1O2
1725,1.0,White,V1O2
1726,1.0,White,V1O2
1727,1.0,White,V1O2
1728,1.0,White,V1O2
1729,1.0,White,V1O2
1730,1.0,White,V1O2
1731,1.0,White,V1O2
1732,1.0,White,V1O2
1733,1.0,White,V1O2
1734,1.0,White,V1O2
1735,1.0,White,V1O2
1736,1.0,White,V1O2
1737,1.0,White,V1O2
1738,0.9988584474885844,White,V1O2
1739,1.0,White,V1O2
1740,1.0,White,V1O2
1741,1.0,White,V1O2
1742,1.0,White,V1O2
1743,1.0,White,V1O2
1744,1.0,White,V1O2
1745,1.0,White,V1O2
1746,1.0,White,V1O2
1747,1.0,White,V1O2
1748,1.0,White,V1O2
1749,1.0,White,V1O2
1750,1.0,White,V1O2
1751,1.0,White,V1O2
1752,1.0,White,V1O2
1753,1.0,White,V1O2
1754,1.0,White,V1O2
1755,1.0,White,V1O2
1756,1.0,White,V1O2
1757,1.0,White,V1O2
1758,1.0,White,V1O2
1759,1.0,White,V1O2
1760,1.0,White,V1O2
1761,1.0,White,V1O2
1762,1.0,White,V1O2
1763,1.0,White,V1O2
1764,1.0,White,V1O2
1765,1.0,White,V1O2
1766,1.0,White,V1O2
1767,1.0,White,V1O2
1768,1.0,White,V1O2
1769,1.0,White,V1O2
1770,1.0,White,V1O2
1771,1.0,White,V1O2
1772,1.0,White,V1O2
1773,1.0,White,V1O2
1774,1.0,White,V1O2
1775,1.0,White,V1O2
1776,1.0,White,V1O2
1777,1.0,White,V1O2
1778,1.0,White,V1O2
1779,1.0,White,V1O2
1780,1.0,White,V1O2
1781,1.0,White,V1O2
1782,1.0,White,V1O2
1783,1.0,White,V1O2
1784,1.0,White,V1O2
1785,1.0,White,V1O2
1786,1.0,White,V1O2
1787,1.0,White,V1O2
1788,1.0,White,V1O2
1789,1.0,White,V1O2
1790,1.0,White,V1O2
1791,1.0,White,V1O2
1792,1.0,White,V1O2
1793,1.0,White,V1O2
1794,1.0,White,V1O2
1795,1.0,White,V1O2
1796,1.0,White,V1O2
1797,1.0,White,V1O2
1798,1.0,White,V1O2
1799,1.0,White,V1O2
1800,1.0,White,V1O2
1801,1.0,White,V1O2
1802,0.9874285714285714,White,V1O2
1803,1.0,White,V1O2
1804,1.0,White,V1O2
1805,1.0,White,V1O2
1806,1.0,White,V1O2
1807,1.0,White,V1O2
1808,1.0,White,V1O2
1809,1.0,White,V1O2
1810,1.0,White,V1O2
1811,1.0,White,V1O2
1812,1.0,White,V1O2
1813,1.0,White,V1O2
1814,1.0,White,V1O2
1815,1.0,White,V1O2
1816,1.0,White,V1O2
1817,1.0,White,V1O2
1818,1.0,White,V1O2
1819,1.0,White,V1O2
1820,1.0,White,V1O2
1821,1.0,White,V1O2
1822,1.0,White,V1O2
1823,1.0,White,V1O2
1824,1.0,White,V1O2
1825,1.0,White,V1O2
1826,1.0,White,V1O2
1827,1.0,White,V1O2
1828,1.0,White,V1O2
1829,1.0,White,V1O2
1830,1.0,White,V1O2
1831,1.0,White,V1O2
1832,1.0,White,V1O2
1833,1.0,White,V1O2
1834,1.0,White,V1O2
1835,1.0,White,V1O2
1836,1.0,White,V1O2
1837,1.0,White,V1O2
1838,1.0,White,V1O2
1839,1.0,White,V1O2
1840,1.0,White,V1O2
1841,1.0,White,V1O2
1842,1.0,White,V1O2
1843,1.0,White,V1O2
1844,1.0,White,V1O2
1845,1.0,White,V1O2
1846,1.0,White,V1O2
1847,1.0,White,V1O2
1848,1.0,White,V1O2
1849,1.0,White,V1O2
1850,1.0,White,V1O2
1851,1.0,White,V1O2
1852,1.0,White,V1O2
1853,1.0,White,V1O2
1854,1.0,White,V1O2
1855,1.0,White,V1O2
1856,1.0,White,V1O2
1857,1.0,White,V1O2
1858,1.0,White,V1O2
1859,1.0,White,V1O2
1860,1.0,White,V1O2
1861,1.0,White,V1O2
1862,1.0,White,V1O2
1863,1.0,White,V1O2
1864,1.0,White,V1O2
1865,1.0,White,V1O2
1866,1.0,White,V1O2
1867,1.0,White,V1O2
1868,1.0,White,V1O2
1869,1.0,White,V1O2
1870,1.0,White,V1O2
1871,1.0,White,V1O2
1872,1.0,White,V1O2
1873,1.0,White,V1O2
1874,1.0,White,V1O2
1875,1.0,White,V1O2
1876,1.0,White,V1O2
1877,1.0,White,V1O2
1878,1.0,White,V1O2
1879,1.0,White,V1O2
1880,1.0,White,V1O2
1881,1.0,White,V1O2
1882,1.0,White,V1O2
1883,1.0,White,V1O2
1884,1.0,White,V1O2
1885,1.0,White,V1O2
1886,1.0,White,V1O2
1887,1.0,White,V1O2
1888,1.0,White,V1O2
1889,1.0,White,V1O2
1890,1.0,White,V1O2
1891,1.0,White,V1O2
1892,1.0,White,V1O2
1893,1.0,White,V1O2
1894,1.0,White,V1O2
1895,1.0,White,V1O2
1896,1.0,White,V1O2
1897,1.0,White,V1O2
1898,1.0,White,V1O2
1899,1.0,White,V1O2
1900,1.0,White,V1O2
1901,1.0,White,V1O2
1902,1.0,White,V1O2
1903,1.0,White,V1O2
1904,1.0,White,V1O2
1905,1.0,White,V1O2
1906,1.0,White,V1O2
1907,1.0,White,V1O2
1908,1.0,White,V1O2
1909,1.0,White,V1O2
1910,1.0,White,V1O2
1911,1.0,White,V1O2
1912,1.0,White,V1O2
1913,1.0,White,V1O2
1914,0.9988584474885844,White,V1O2
1915,1.0,White,V1O2
1916,1.0,White,V1O2
1917,1.0,White,V1O2
1918,1.0,White,V1O2
1919,1.0,White,V1O2
1920,1.0,White,V1O2
1921,1.0,White,V1O2
1922,1.0,White,V1O2
1923,1.0,White,V1O2
1924,1.0,White,V1O2
1925,1.0,White,V1O2
1926,1.0,White,V1O2
1927,1.0,White,V1O2
1928,1.0,White,V1O2
1929,1.0,White,V1O2
1930,1.0,White,V1O2
1931,1.0,White,V1O2
1932,1.0,White,V1O2
1933,1.0,White,V1O2
1934,1.0,White,V1O2
1935,1.0,White,V1O2
1936,1.0,White,V1O2
1937,1.0,White,V1O2
1938,1.0,White,V1O2
1939,1.0,White,V1O2
1940,1.0,White,V1O2
1941,1.0,White,V1O2
1942,1.0,White,V1O2
1943,1.0,White,V1O2
1944,1.0,White,V1O2
1945,1.0,White,V1O2
1946,1.0,White,V1O2
1947,1.0,White,V1O2
1948,1.0,White,V1O2
1949,1.0,White,V1O2
1950,1.0,White,V1O2
1951,1.0,White,V1O2
1952,1.0,White,V1O2
1953,1.0,White,V1O2
1954,1.0,White,V1O2
1955,1.0,White,V1O2
1956,1.0,White,V1O2
1957,1.0,White,V1O2
1958,1.0,White,V1O2
1959,1.0,White,V1O2
1960,1.0,White,V1O2
1961,1.0,White,V1O2
1962,1.0,White,V1O2
1963,1.0,White,V1O2
1964,1.0,White,V1O2
1965,1.0,White,V1O2
1966,1.0,White,V1O2
1967,1.0,White,V1O2
1968,1.0,White,V1O2
1969,1.0,White,V1O2
1970,1.0,White,V1O2
1971,1.0,White,V1O2
1972,1.0,White,V1O2
1973,1.0,White,V1O2
1974,1.0,White,V1O2
1975,1.0,White,V1O2
1976,1.0,White,V1O2
1977,1.0,White,V1O2
1978,1.0,White,V1O2
1979,1.0,White,V1O2
1980,1.0,White,V1O2
1981,1.0,White,V1O2
1982,1.0,White,V1O2
1983,1.0,White,V1O2
1984,1.0,White,V1O2
1985,1.0,White,V1O2
1986,1.0,White,V1O2
1987,1.0,White,V1O2
1988,1.0,White,V1O2
1989,1.0,White,V1O2
1990,1.0,White,V1O2
1991,1.0,White,V1O2
1992,1.0,White,V1O2
1993,1.0,White,V1O2
1994,1.0,White,V1O2
1995,1.0,White,V1O2
1996,1.0,White,V1O2
1997,1.0,White,V1O2
1998,1.0,White,V1O2
1999,1.0,White,V1O2
2000,0.5,White,V1O2
